Date,Product_Category,Region,Units_Sold,Revenue,Cost,Profit,Marketing_Spend,Customer_Satisfaction,Month
2020-12-20,Furniture,North,97,33286.16,19807.05,13479.110000000004,2880.68,80.65,12
2027-05-09,Clothing,West,83,4378.8,2381.63,1997.17,2015.94,57.05,5
2025-09-07,Furniture,North,107,28491.02,22791.41,5699.610000000001,1004.76,93.1,9
2024-03-10,Furniture,West,104,36293.88,20257.3,16036.579999999998,1879.95,89.35,3
2021-01-17,Furniture,South,116,33747.42,21309.28,12438.14,5685.48,89.7,1
2020-05-17,Electronics,East,95,37367.62,33128.53,4239.090000000004,4203.38,77.24,5
2022-08-14,Electronics,North,96,51818.1,36318.08,15500.019999999997,557.53,56.31,8
2019-05-26,Electronics,North,111,50094.1,40635.15,9458.949999999997,1831.19,97.33,5
2020-12-20,Clothing,South,109,6312.51,3394.22,2918.2900000000004,3281.9,77.63,12
2021-05-02,Office Supplies,East,112,4359.73,2604.86,1754.8699999999994,1983.45,69.54,5
2027-12-12,Furniture,West,86,24462.52,19277.18,5185.34,2178.07,69.87,12
2023-02-12,Furniture,East,90,26656.75,16421.07,10235.68,1242.22,59.34,2
2025-05-04,Clothing,South,100,4871.23,2781.16,2090.0699999999997,3908.67,63.82,5
2027-10-17,Furniture,South,106,35137.9,18273.25,16864.65,1464.16,94.85,10
2020-09-06,Electronics,East,91,32943.83,35236.85,-2293.019999999997,2739.27,58.3,9
2026-02-22,Office Supplies,West,98,3306.26,2767.95,538.3100000000004,4446.59,58.44,2
2020-11-29,Food,West,115,2885.04,1171.02,1714.02,747.76,68.18,11
2025-11-23,Furniture,North,105,33962.67,22192.14,11770.529999999999,2004.69,89.93,11
2021-11-28,Electronics,West,101,52217.59,33432.38,18785.21,1957.89,99.42,11
2021-07-04,Food,East,100,1788.46,995.9,792.5600000000001,3763.33,66.15,7
2021-11-14,Office Supplies,South,97,3545.57,2513.16,1032.4100000000003,3483.15,54.65,11
2024-12-01,Food,North,107,2027.86,935.48,1092.3799999999999,5222.2,66.84,12
2023-12-10,Electronics,North,87,45604.41,29733.16,15871.250000000004,868.58,87.98,12
2025-08-03,Food,South,93,1613.0,1030.74,582.26,1529.34,90.96,8
2028-06-04,Clothing,West,92,4632.1,3047.6,1584.5000000000005,1471.57,55.65,6
2026-12-06,Food,South,100,2048.73,954.09,1094.6399999999999,2390.53,95.27,12
2024-08-18,Furniture,West,111,30689.16,23551.18,7137.98,3620.82,71.78,8
2026-05-24,Furniture,South,108,37527.29,22709.15,14818.14,4458.11,92.19,5
2022-09-04,Clothing,East,96,4565.23,2965.63,1599.5999999999995,1840.45,50.19,9
2027-07-04,Electronics,West,90,40845.9,33087.03,7758.870000000003,3103.89,99.59,7
2024-04-21,Furniture,East,108,35211.82,20783.33,14428.489999999998,1587.48,68.02,4
2022-01-30,Office Supplies,North,111,5087.33,2631.9,2455.43,5068.52,61.64,1
2027-10-24,Furniture,South,117,36090.55,25146.95,10943.600000000002,5187.8,50.01,10
2025-01-05,Furniture,North,103,29727.87,18254.34,11473.529999999999,2274.0,61.34,1
2019-06-02,Electronics,North,97,43883.53,32919.22,10964.309999999998,2286.7,90.12,6
2023-11-05,Food,North,87,1674.29,868.57,805.7199999999999,2084.95,51.36,11
2023-07-09,Furniture,North,93,29409.03,20245.64,9163.39,3978.14,99.09,7
2025-08-10,Clothing,South,89,4896.43,3219.18,1677.2500000000005,2961.09,76.63,8
2019-12-08,Food,North,88,1623.34,1064.03,559.31,1305.04,56.01,12
2028-02-06,Office Supplies,South,99,3912.53,2420.89,1491.6400000000003,700.48,78.36,2
2020-02-16,Electronics,South,96,51983.82,31742.47,20241.35,800.72,61.32,2
2022-04-03,Office Supplies,East,106,4517.98,3054.85,1463.1299999999997,837.62,93.86,4
2028-02-13,Food,West,99,1909.29,1068.64,840.6499999999999,2011.51,99.45,2
2022-08-07,Food,West,82,1731.7,1004.74,726.96,3502.78,64.26,8
2027-11-21,Food,South,129,2160.49,1226.03,934.4599999999998,5226.08,78.67,11
2024-03-10,Office Supplies,East,85,2983.18,2292.04,691.1399999999999,1267.36,74.42,3
2022-08-21,Food,South,109,2219.59,1276.3,943.2900000000002,705.13,93.43,8
2027-07-18,Office Supplies,South,101,3587.35,2497.24,1090.1100000000001,2054.01,58.24,7
2022-05-08,Food,South,104,2377.89,1011.76,1366.1299999999999,3513.35,83.82,5
2027-07-18,Clothing,East,107,5155.94,3048.67,2107.2699999999995,4323.2,98.54,7
2019-12-22,Food,West,104,1893.63,943.19,950.44,2733.16,99.19,12
2025-12-21,Office Supplies,East,78,2925.44,1647.99,1277.45,3519.09,50.15,12
2020-01-19,Furniture,North,99,30015.35,18870.29,11145.059999999998,4537.38,61.94,1
2023-09-03,Food,East,86,1289.69,728.14,561.5500000000001,2260.4,81.13,9
2025-02-16,Furniture,East,90,20202.93,15390.11,4812.82,2370.87,79.54,2
2021-07-04,Clothing,East,98,5467.92,2975.61,2492.31,708.28,91.67,7
2028-04-16,Electronics,East,107,50905.43,40354.04,10551.39,2763.63,71.93,4
2024-11-17,Clothing,West,99,4706.29,2571.16,2135.13,692.75,63.89,11
2021-08-01,Food,North,104,1959.2,1128.79,830.4100000000001,4349.21,76.58,8
2019-05-26,Furniture,West,96,29362.68,21105.52,8257.16,608.17,83.77,5
2025-04-20,Furniture,West,99,29509.71,18631.25,10878.46,4635.6,58.26,4
2022-03-13,Office Supplies,East,101,4638.15,2345.89,2292.2599999999998,4514.87,83.55,3
2024-03-31,Furniture,South,97,31548.74,17139.04,14409.7,1780.22,85.92,3
2026-06-07,Office Supplies,South,110,4756.71,2897.17,1859.54,750.77,93.58,6
2020-09-13,Electronics,West,105,56797.81,32321.61,24476.199999999997,4306.68,83.13,9
2025-01-19,Food,West,101,2059.07,927.32,1131.75,3002.86,95.02,1
2019-04-07,Office Supplies,East,113,3763.15,2571.83,1191.3200000000002,4377.99,70.63,4
2023-08-20,Electronics,West,97,54951.39,38455.06,16496.33,4361.29,79.93,8
2024-01-28,Furniture,East,81,21527.91,16211.02,5316.889999999999,826.86,57.72,1
2025-08-17,Furniture,South,78,24456.82,13923.16,10533.66,2990.84,76.5,8
2020-01-05,Electronics,South,102,53849.73,38975.64,14874.090000000004,2954.14,72.44,1
2026-05-24,Furniture,North,97,28558.38,17908.75,10649.630000000001,4457.74,90.4,5
2025-07-06,Electronics,South,95,46670.47,28312.3,18358.170000000002,3966.49,53.37,7
2020-10-04,Office Supplies,West,107,4728.52,2585.28,2143.2400000000002,2479.77,53.88,10
2026-01-11,Office Supplies,South,99,4402.73,2507.54,1895.1899999999996,3124.72,61.31,1
2027-07-04,Electronics,East,112,50797.71,30748.08,20049.629999999997,3479.5,87.97,7
2027-09-19,Office Supplies,South,103,4087.75,2486.01,1601.7399999999998,2952.14,75.58,9
2027-03-14,Office Supplies,North,116,4848.23,2601.41,2246.8199999999997,813.74,88.1,3
2024-01-21,Office Supplies,South,85,3347.48,2216.5,1130.98,2403.44,68.95,1
2027-04-04,Clothing,East,87,4539.84,2956.18,1583.6600000000003,831.43,92.36,4
2019-09-01,Food,East,109,2446.42,1102.12,1344.3000000000002,3390.99,77.98,9
2022-12-11,Furniture,West,114,34295.59,23753.47,10542.119999999995,1266.6,54.97,12
2020-07-19,Clothing,South,107,4404.5,2744.24,1660.2600000000002,2043.09,57.35,7
2027-01-17,Office Supplies,East,97,3454.7,2416.27,1038.4299999999998,4131.87,68.52,1
2019-12-15,Electronics,North,91,43339.78,24566.8,18772.98,2273.7,99.74,12
2025-11-23,Office Supplies,West,86,3143.45,2170.42,973.0299999999997,2778.62,57.58,11
2026-06-07,Food,North,97,2450.79,794.86,1655.9299999999998,1219.79,62.35,6
2019-01-13,Office Supplies,South,110,4209.37,3030.48,1178.8899999999999,4642.73,85.45,1
2026-06-21,Electronics,South,91,45638.75,27639.11,17999.64,3228.9,61.75,6
2020-01-12,Food,South,103,2095.19,1159.8,935.3900000000001,1280.9,79.15,1
2021-01-10,Office Supplies,West,93,3525.85,2456.32,1069.5299999999997,3739.3,86.73,1
2023-12-24,Food,East,115,2058.84,1011.88,1046.96,4676.3,73.07,12
2024-12-08,Furniture,West,104,29035.13,21746.34,7288.790000000001,4509.97,85.54,12
2028-02-20,Furniture,North,112,39192.52,25898.67,13293.849999999999,2341.44,72.92,2
2022-08-28,Office Supplies,West,97,3616.73,2443.35,1173.38,3456.5,73.34,8
2026-09-13,Food,North,99,1983.72,1054.72,929.0,912.31,87.73,9
2023-03-05,Electronics,West,112,45221.05,38891.82,6329.230000000003,3036.75,76.12,3
2019-11-03,Office Supplies,East,95,3110.35,2834.89,275.46000000000004,3064.6,95.94,11
2022-02-06,Furniture,North,107,36474.18,19620.59,16853.59,4841.79,72.8,2
2022-11-13,Furniture,South,92,33424.58,16249.88,17174.700000000004,2908.42,90.33,11
2027-07-18,Office Supplies,South,106,4309.14,2647.95,1661.1900000000005,813.68,50.16,7
2028-04-09,Food,West,101,1740.3,1107.27,633.03,1597.54,65.59,4
2024-03-03,Furniture,South,114,37228.27,24599.23,12629.039999999997,5337.09,51.53,3
2025-09-21,Food,North,116,2338.33,1285.23,1053.1,3881.88,82.22,9
2024-10-27,Furniture,South,105,29835.92,23129.62,6706.299999999999,3988.67,76.43,10
2024-03-10,Furniture,East,113,33480.56,21794.37,11686.189999999999,3783.33,53.45,3
2027-09-26,Clothing,East,101,5285.7,3177.25,2108.45,4524.71,85.0,9
2027-11-07,Furniture,West,92,26985.78,16794.57,10191.21,3453.84,64.02,11
2023-02-12,Electronics,North,89,46592.93,25369.07,21223.86,2976.52,78.85,2
2023-10-29,Office Supplies,East,92,3416.54,2377.32,1039.2199999999998,3946.19,62.11,10
2022-08-21,Office Supplies,East,85,3003.56,2109.82,893.7399999999998,3141.17,83.34,8
2024-09-01,Food,North,90,1876.77,869.49,1007.28,2075.29,64.63,9
2023-01-29,Furniture,South,126,36026.15,23441.71,12584.440000000002,754.89,79.16,1
2022-12-25,Electronics,South,114,57981.09,44698.48,13282.609999999993,1694.88,51.68,12
2023-07-16,Food,West,110,2110.58,947.88,1162.6999999999998,4310.08,59.39,7
2025-06-22,Clothing,South,116,6193.21,3621.32,2571.89,2949.6,91.07,6
2026-01-11,Food,North,102,2458.64,1103.46,1355.1799999999998,2925.62,73.16,1
2020-01-05,Food,East,92,1698.87,824.86,874.0099999999999,1660.48,78.16,1
2024-05-12,Furniture,South,83,23168.28,19184.78,3983.5,1007.46,94.1,5
2026-11-08,Clothing,West,102,5383.67,3308.55,2075.12,1756.4,70.12,11
2023-02-26,Food,South,96,2055.71,1049.3,1006.4100000000001,3043.86,94.79,2
2023-10-29,Electronics,North,110,49681.12,47885.41,1795.7099999999991,2234.84,97.02,10
2022-08-07,Electronics,West,93,45712.06,33036.94,12675.119999999995,2829.46,93.33,8
2026-04-12,Office Supplies,South,98,4256.54,2487.09,1769.4499999999998,4648.56,71.12,4
2028-06-11,Clothing,West,97,5142.59,2860.64,2281.9500000000003,3431.99,55.8,6
2019-10-13,Clothing,North,108,5442.31,3060.22,2382.0900000000006,5060.63,92.21,10
2022-01-02,Office Supplies,East,89,3260.11,2316.33,943.7800000000002,1463.2,93.78,1
2019-04-14,Food,North,122,2298.5,1118.71,1179.79,1321.51,83.81,4
2024-10-06,Clothing,North,108,6610.21,3107.07,3503.14,5397.41,55.24,10
2020-03-29,Electronics,North,99,37495.19,34545.46,2949.730000000003,4352.23,73.8,3
2025-08-10,Electronics,North,82,42181.32,26306.89,15874.43,3254.18,50.14,8
2025-04-06,Furniture,East,98,28558.01,20241.74,8316.269999999997,2924.63,70.79,4
2019-03-03,Clothing,East,103,4721.95,3527.87,1194.08,4546.35,86.52,3
2025-08-03,Food,West,81,1806.21,856.42,949.7900000000001,3153.41,51.8,8
2021-06-20,Office Supplies,South,96,4098.39,2360.54,1737.8500000000004,1023.13,86.85,6
2028-06-04,Office Supplies,East,92,3553.62,2751.88,801.7399999999998,2857.79,54.27,6
2021-08-08,Food,East,88,1779.97,852.65,927.32,3700.31,89.1,8
2028-01-16,Furniture,South,121,32939.28,24445.28,8494.0,4351.4,62.09,1
2020-03-15,Office Supplies,East,112,4559.07,2823.05,1736.0199999999995,718.37,86.81,3
2021-08-29,Clothing,North,111,5915.76,3238.26,2677.5,1887.04,86.24,8
2028-07-23,Furniture,North,111,38001.55,20976.98,17024.570000000003,2827.32,63.36,7
2020-07-19,Clothing,South,91,4348.9,2638.25,1710.6499999999996,3964.95,78.77,7
2026-07-05,Electronics,West,116,56888.11,37792.03,19096.08,2499.57,59.09,7
2022-02-13,Furniture,West,98,23849.79,18178.74,5671.049999999999,1997.35,86.95,2
2027-01-10,Office Supplies,South,95,4038.91,2083.71,1955.1999999999998,2914.53,78.4,1
2024-07-14,Furniture,South,108,34314.91,25901.11,8413.800000000003,4813.18,83.78,7
2026-04-05,Furniture,North,113,38177.96,23006.16,15171.8,3647.26,64.56,4
2023-12-31,Furniture,West,102,29156.11,19589.04,9567.07,4638.5,85.51,12
2028-05-21,Furniture,East,101,30754.91,21484.17,9270.740000000002,2656.61,52.99,5
2023-06-04,Clothing,North,90,4882.09,3178.65,1703.44,4460.35,61.96,6
2019-10-13,Electronics,South,88,53356.32,32133.57,21222.75,2992.58,78.06,10
2019-07-14,Food,West,101,1884.49,1073.6,810.8900000000001,3802.98,80.99,7
2021-08-01,Furniture,East,109,28981.55,19752.1,9229.45,5360.01,76.36,8
2022-11-06,Office Supplies,East,90,4004.23,2366.45,1637.7800000000002,4286.95,66.87,11
2025-04-13,Furniture,North,103,31830.23,24194.73,7635.5,796.02,84.5,4
2024-02-18,Office Supplies,West,102,4263.44,2600.61,1662.8299999999995,2792.66,61.51,2
2027-01-03,Clothing,West,89,4405.17,2524.79,1880.38,1654.18,88.05,1
2019-08-18,Office Supplies,South,95,3973.14,2339.88,1633.2599999999998,4588.88,81.05,8
2019-12-01,Food,West,98,1703.72,998.78,704.94,2512.42,78.04,12
2026-10-18,Electronics,West,88,43746.52,34259.58,9486.939999999995,3994.79,83.72,10
2020-03-08,Office Supplies,North,105,3202.22,2782.04,420.17999999999984,3639.31,55.44,3
2023-02-19,Office Supplies,West,105,4187.64,3223.06,964.5800000000004,2446.53,97.65,2
2024-08-11,Electronics,East,107,45423.14,37903.7,7519.440000000002,2744.91,95.97,8
2020-11-22,Food,North,88,1671.0,829.61,841.39,491.6,50.71,11
2022-04-17,Furniture,North,102,32237.53,21949.15,10288.379999999997,2139.64,84.92,4
2025-11-23,Office Supplies,South,99,4168.29,2444.88,1723.4099999999999,4803.22,69.64,11
2023-02-05,Electronics,West,95,49436.37,35008.15,14428.220000000001,1800.25,61.6,2
2028-02-06,Clothing,South,120,6891.52,3520.59,3370.9300000000003,5784.91,88.18,2
2019-09-01,Electronics,East,101,52045.37,39078.25,12967.120000000003,4301.93,89.22,9
2027-08-08,Clothing,North,83,4521.25,1962.95,2558.3,3420.75,52.3,8
2023-05-07,Food,North,96,1825.93,1004.99,820.94,2703.43,90.41,5
2020-12-06,Furniture,North,106,29113.8,19465.66,9648.14,2451.19,94.73,12
2027-04-04,Electronics,East,123,61455.72,45697.7,15758.020000000004,3452.91,74.08,4
2027-11-07,Office Supplies,East,115,4263.71,2944.56,1319.15,743.8,52.89,11
2021-07-04,Food,South,103,1708.83,986.48,722.3499999999999,3398.15,99.62,7
2023-12-03,Electronics,South,94,52850.03,26595.81,26254.219999999998,2228.0,92.36,12
2019-02-03,Office Supplies,South,122,5117.74,3250.54,1867.1999999999998,1865.53,97.82,2
2023-03-05,Electronics,West,109,56905.75,34850.21,22055.54,1648.09,71.57,3
2023-11-19,Clothing,North,99,5193.44,3475.51,1717.9299999999994,2399.52,66.32,11
2026-08-16,Electronics,North,101,49582.03,35962.76,13619.269999999997,2459.82,95.19,8
2025-11-16,Electronics,South,109,52778.02,42358.44,10419.579999999994,4288.05,91.16,11
2024-06-02,Electronics,North,75,37921.93,28830.77,9091.16,1065.06,62.77,6
2026-07-12,Food,South,98,2106.24,820.75,1285.4899999999998,634.69,81.8,7
2022-12-18,Electronics,West,103,44260.36,32692.78,11567.580000000002,4591.47,73.0,12
2019-04-14,Office Supplies,West,99,3701.43,2775.31,926.1199999999999,4169.43,75.78,4
2025-08-17,Clothing,East,95,4462.87,2836.09,1626.7799999999997,1714.87,96.55,8
2019-10-20,Clothing,West,107,5859.87,2501.37,3358.5,3096.68,79.52,10
2026-04-12,Electronics,South,98,48149.69,32405.54,15744.150000000001,3679.0,60.03,4
2027-10-31,Food,West,89,1957.11,875.54,1081.57,652.86,59.56,10
2022-06-05,Food,East,104,2310.25,945.64,1364.6100000000001,3518.17,70.8,6
2020-03-15,Office Supplies,North,101,4278.81,2877.7,1401.1100000000006,4577.51,90.9,3
2025-09-28,Electronics,South,83,37956.15,26367.16,11588.990000000002,883.21,66.85,9
2023-06-04,Clothing,North,91,4870.94,2524.94,2345.9999999999995,2676.42,57.48,6
2023-08-13,Food,East,90,1567.8,738.05,829.75,3503.01,51.03,8
2019-12-29,Electronics,East,97,49146.3,28011.4,21134.9,1658.52,81.42,12
2020-11-01,Food,East,104,1613.94,1009.45,604.49,4962.3,81.61,11
2026-06-07,Food,North,108,2197.16,965.59,1231.5699999999997,4334.36,85.42,6
2023-04-02,Clothing,North,101,4441.09,2975.16,1465.9300000000003,1323.99,54.91,4
2028-04-16,Furniture,North,102,29760.21,20849.58,8910.629999999997,1084.32,92.52,4
2026-10-18,Office Supplies,North,97,3800.49,2408.54,1391.9499999999998,711.52,57.11,10
2023-06-04,Office Supplies,East,103,4384.43,2288.18,2096.2500000000005,1244.21,55.94,6
2023-07-16,Clothing,East,93,4992.88,3108.38,1884.5,2286.83,77.47,7
2021-09-26,Food,South,97,1904.52,779.39,1125.13,2696.63,69.36,9
2022-04-10,Electronics,South,111,53284.71,40014.92,13269.79,4538.75,80.8,4
2019-07-21,Food,North,109,2191.75,1408.65,783.0999999999999,4008.88,76.71,7
2019-09-08,Clothing,West,103,3948.59,3507.07,441.52,1946.45,74.11,9
2019-03-31,Office Supplies,West,96,4001.49,2327.29,1674.1999999999998,3973.97,83.86,3
2022-01-23,Food,East,97,1651.1,1068.45,582.6499999999999,4048.63,75.08,1
2025-04-06,Office Supplies,East,98,3839.58,2334.75,1504.83,4614.66,92.53,4
2022-07-31,Electronics,East,97,48631.21,34295.82,14335.39,1565.38,58.14,7
2023-08-27,Office Supplies,South,102,3579.43,2439.17,1140.2599999999998,2399.5,96.75,8
2020-08-23,Office Supplies,South,84,3699.05,2061.06,1637.9900000000002,2708.81,62.36,8
2024-06-09,Furniture,East,94,26300.38,18361.27,7939.110000000001,1880.55,83.88,6
2020-04-05,Furniture,East,112,34153.54,22309.24,11844.3,4515.7,86.67,4
2022-04-03,Furniture,East,103,31715.26,19857.63,11857.629999999997,4154.72,80.06,4
2019-11-10,Office Supplies,West,97,3869.41,2360.19,1509.2199999999998,4750.06,55.16,11
2020-03-08,Clothing,South,92,4778.56,2770.69,2007.8700000000003,2759.75,59.49,3
2027-06-13,Office Supplies,West,98,3392.07,2541.75,850.3200000000002,2781.9,53.7,6
2021-07-25,Clothing,West,98,5091.39,3661.45,1429.9400000000005,3754.11,81.54,7
2024-06-09,Clothing,East,88,5223.57,2769.16,2454.41,1010.01,79.77,6
2019-07-14,Furniture,East,102,30243.11,18924.9,11318.21,3703.71,72.9,7
2021-01-24,Food,North,92,1861.09,839.42,1021.67,3116.36,85.19,1
2019-11-03,Electronics,North,96,52836.74,26859.4,25977.339999999997,2426.97,83.6,11
2025-07-06,Furniture,West,96,31040.51,24045.7,6994.809999999998,1557.95,50.1,7
2024-06-23,Furniture,South,109,39747.94,19668.91,20079.030000000002,1590.18,96.95,6
2027-07-18,Food,East,98,1676.87,1120.17,556.6999999999998,712.66,81.37,7
2025-05-04,Electronics,East,102,54168.21,35118.52,19049.690000000002,2997.73,96.98,5
2021-06-13,Office Supplies,West,86,3688.5,1957.68,1730.82,2818.75,86.97,6
2025-08-31,Office Supplies,North,78,3321.64,1732.05,1589.59,2138.12,87.14,8
2028-01-23,Furniture,South,91,29287.57,17612.46,11675.11,800.21,90.36,1
2023-06-04,Electronics,North,84,43095.73,30273.55,12822.180000000004,2358.11,71.92,6
2022-08-21,Furniture,North,102,36613.94,21501.15,15112.79,3726.98,60.2,8
2023-04-23,Clothing,North,97,5363.85,3059.13,2304.7200000000003,703.33,95.58,4
2026-05-17,Furniture,North,106,31564.28,20686.64,10877.64,605.43,53.86,5
2026-03-22,Furniture,East,95,27798.02,20325.78,7472.240000000002,2290.9,60.77,3
2024-06-02,Office Supplies,East,102,4731.01,2966.72,1764.2900000000004,2218.4,66.65,6
2027-07-18,Office Supplies,North,101,3930.67,2750.38,1180.29,2747.96,64.17,7
2021-04-25,Office Supplies,South,101,3848.43,2859.81,988.6199999999999,2839.36,62.67,4
2021-03-21,Clothing,West,87,4178.78,2993.62,1185.1599999999999,1242.34,89.99,3
2027-10-31,Office Supplies,South,120,5209.63,2883.35,2326.28,5542.39,92.99,10
2023-06-18,Electronics,South,89,48947.02,30411.51,18535.51,3000.01,91.68,6
2023-12-17,Food,South,107,2837.75,1064.34,1773.41,1230.23,89.2,12
2025-11-16,Electronics,North,92,46012.35,23500.09,22512.26,3710.3,79.94,11
2022-10-16,Electronics,East,108,56141.8,32833.6,23308.200000000004,2521.1,73.48,10
2027-09-26,Office Supplies,South,103,4523.32,2315.82,2207.4999999999995,568.27,70.44,9
2026-11-15,Food,North,111,2550.28,1119.47,1430.8100000000002,5262.94,87.34,11
2021-08-15,Food,South,102,2205.01,1075.74,1129.2700000000002,2558.06,90.29,8
2025-02-02,Food,South,88,2089.05,705.26,1383.7900000000002,1449.33,87.13,2
2022-02-27,Clothing,North,94,4468.41,2980.57,1487.8399999999997,3893.44,89.32,2
2023-04-23,Office Supplies,East,84,2894.25,2404.3,489.9499999999998,1446.27,61.59,4
2024-11-17,Food,East,85,1808.44,825.63,982.8100000000001,721.98,91.44,11
2023-06-25,Clothing,West,98,5051.05,2305.96,2745.09,3993.68,94.22,6
2022-04-17,Furniture,North,114,32456.28,18071.11,14385.169999999998,2696.47,50.66,4
2021-11-28,Furniture,West,113,32655.09,18450.25,14204.84,2655.41,86.1,11
2027-11-14,Clothing,West,94,4595.56,2140.53,2455.03,2287.24,87.03,11
2025-01-12,Clothing,West,95,4796.77,3169.41,1627.3600000000006,3849.82,64.84,1
2026-03-01,Office Supplies,East,103,3270.73,2716.88,553.8499999999999,2434.82,86.62,3
2022-01-23,Office Supplies,North,96,4269.65,2840.14,1429.5099999999998,991.55,60.59,1
2020-11-01,Furniture,West,103,28124.27,19549.96,8574.310000000001,1644.69,63.38,11
2028-01-16,Food,North,98,2194.97,902.59,1292.3799999999997,3012.13,99.31,1
2023-06-18,Furniture,North,102,35184.17,19373.56,15810.609999999997,4510.04,83.95,6
2022-06-12,Food,East,104,2389.87,986.15,1403.7199999999998,1473.16,66.38,6
2021-02-28,Food,West,100,2447.26,1138.45,1308.8100000000002,599.64,97.26,2
2025-02-02,Office Supplies,West,117,4660.25,3489.95,1170.3000000000002,5497.91,71.95,2
2028-07-09,Electronics,North,85,42543.23,30933.47,11609.760000000002,862.14,88.24,7
2027-06-20,Electronics,South,101,56017.12,37880.89,18136.230000000003,4829.3,88.82,6
2019-12-29,Clothing,East,99,5458.71,3065.11,2393.6,3494.31,70.41,12
2024-02-18,Office Supplies,East,101,3933.93,2616.93,1317.0,3753.04,94.08,2
2024-08-25,Food,East,106,2314.07,1173.78,1140.2900000000002,4120.08,73.25,8
2026-05-24,Electronics,East,111,54018.69,40158.27,13860.420000000006,1191.3,64.28,5
2026-05-31,Food,West,115,2540.16,1509.02,1031.1399999999999,4821.6,70.23,5
2021-02-28,Electronics,West,124,59979.35,43354.5,16624.85,2906.34,82.39,2
2020-12-06,Electronics,South,96,41576.84,33307.01,8269.829999999994,3690.11,92.4,12
2021-02-28,Electronics,East,99,51285.36,34768.27,16517.090000000004,2501.88,75.67,2
2027-06-06,Office Supplies,East,89,3292.71,2204.17,1088.54,3365.59,80.42,6
2020-07-19,Furniture,North,101,27618.15,23143.3,4474.850000000002,2184.3,52.27,7
2022-07-31,Food,West,118,2497.22,1156.02,1341.1999999999998,2603.69,91.57,7
2021-02-28,Office Supplies,East,102,3921.07,2818.25,1102.8200000000002,3410.83,54.77,2
2019-01-13,Office Supplies,South,107,3569.31,3161.75,407.55999999999995,3173.78,76.05,1
2021-06-27,Office Supplies,South,101,4580.7,2239.76,2340.9399999999996,3952.39,50.73,6
2023-03-19,Office Supplies,West,112,4779.56,2542.96,2236.6000000000004,2508.57,83.12,3
2020-01-12,Office Supplies,South,90,3186.3,1887.79,1298.5100000000002,1092.65,62.91,1
2025-07-27,Clothing,South,109,4762.4,3920.67,841.7299999999996,4342.95,92.63,7
2028-04-16,Food,West,117,2711.86,1199.98,1511.88,2200.85,70.75,4
2023-04-16,Office Supplies,East,83,3052.72,2387.37,665.3499999999999,2613.07,59.27,4
2023-04-23,Food,East,96,2118.51,987.39,1131.1200000000003,4232.52,86.22,4
2026-05-17,Clothing,South,86,4463.09,2995.14,1467.9500000000003,2692.67,56.68,5
2026-09-20,Clothing,South,104,4254.51,2472.99,1781.5200000000004,5005.77,71.55,9
2021-05-30,Food,East,103,2395.92,1279.24,1116.68,3466.39,87.41,5
2021-06-27,Electronics,West,104,52831.82,30826.33,22005.489999999998,4385.29,73.16,6
2020-01-05,Furniture,South,96,31387.05,16730.24,14656.809999999998,4038.68,53.16,1
2022-04-17,Electronics,North,108,57315.74,39797.32,17518.42,2783.0,99.17,4
2023-03-05,Electronics,West,92,49061.69,34445.35,14616.340000000004,3556.05,57.53,3
2022-01-23,Electronics,South,107,52486.74,31880.31,20606.429999999997,1806.18,70.76,1
2022-10-16,Office Supplies,South,105,4611.64,2718.42,1893.2200000000003,4228.32,71.45,10
2026-12-20,Clothing,North,108,5436.72,2776.28,2660.44,4118.07,71.82,12
2023-09-24,Electronics,North,98,45719.57,35244.01,10475.559999999998,3788.7,90.64,9
2025-03-16,Clothing,East,92,5726.75,2435.34,3291.41,1718.69,65.91,3
2027-05-30,Food,West,99,1921.41,1098.84,822.5700000000002,556.03,54.01,5
2022-11-20,Furniture,West,89,23945.27,19781.78,4163.490000000002,976.24,75.58,11
2022-07-10,Food,East,91,1501.25,770.99,730.26,2054.48,53.47,7
2021-05-09,Food,West,104,2359.98,1123.11,1236.8700000000001,3684.27,56.92,5
2026-09-06,Office Supplies,West,104,4847.04,3087.22,1759.8200000000002,4584.16,68.96,9
2023-11-19,Furniture,West,88,30069.48,14947.55,15121.93,2946.97,73.46,11
2024-08-18,Food,West,103,1997.99,728.32,1269.67,4505.94,73.06,8
2024-05-12,Food,West,98,1961.28,1050.11,911.1700000000001,4675.98,91.64,5
2025-03-23,Furniture,North,107,35111.69,20640.43,14471.260000000002,1064.95,96.25,3
2026-02-15,Furniture,West,95,27019.73,19291.54,7728.189999999999,3229.2,98.71,2
2020-11-15,Food,North,103,2079.6,952.9,1126.6999999999998,3981.03,90.51,11
2022-10-16,Furniture,West,116,30150.69,22297.14,7853.549999999999,801.03,78.99,10
2028-01-02,Food,East,93,1978.55,923.78,1054.77,718.63,84.27,1
2026-07-26,Food,South,103,1649.4,818.81,830.5900000000001,3693.22,95.51,7
2023-08-06,Office Supplies,North,96,4008.45,2432.27,1576.1799999999998,4288.58,79.22,8
2021-10-03,Electronics,West,103,53789.79,39802.48,13987.309999999998,879.12,87.03,10
2020-11-08,Food,East,111,2263.11,1017.18,1245.9300000000003,4064.69,53.33,11
2022-11-06,Clothing,South,81,4116.55,2404.14,1712.4100000000003,2651.47,62.31,11
2021-05-16,Electronics,North,93,50379.16,37900.21,12478.950000000004,2564.09,98.81,5
2022-07-31,Electronics,South,105,47181.6,42233.17,4948.43,4305.35,94.23,7
2025-03-30,Electronics,East,99,48242.42,33548.24,14694.18,1458.29,84.56,3
2027-11-21,Office Supplies,North,78,3627.13,2224.47,1402.6600000000003,3692.11,88.8,11
2025-09-07,Food,South,98,1890.6,895.34,995.2599999999999,2410.09,69.8,9
2023-12-17,Office Supplies,West,102,4377.8,2630.41,1747.3900000000003,1914.78,77.59,12
2021-10-31,Food,North,108,2074.5,1227.67,846.8299999999999,1357.05,73.75,10
2023-10-29,Office Supplies,South,97,3836.7,2238.03,1598.6699999999996,2797.93,99.27,10
2027-06-27,Office Supplies,East,111,4681.22,2437.03,2244.19,1652.44,51.03,6
2027-01-17,Clothing,East,99,4727.89,3293.86,1434.0300000000002,2070.72,65.12,1
2026-09-20,Office Supplies,North,108,4406.1,2777.42,1628.6800000000003,911.69,99.34,9
2025-08-17,Furniture,South,105,29960.12,20415.29,9544.829999999998,4443.51,85.33,8
2027-08-22,Clothing,North,92,4108.16,2860.55,1247.6099999999997,2440.97,89.03,8
2021-10-24,Office Supplies,North,113,4031.91,2506.88,1525.0299999999997,580.97,58.71,10
2021-10-31,Electronics,South,100,49196.31,38625.47,10570.839999999997,4929.06,69.79,10
2025-09-28,Furniture,South,80,21608.78,17572.99,4035.7899999999972,1709.71,59.54,9
2022-10-23,Furniture,West,91,29019.67,14488.23,14531.439999999999,4516.31,83.21,10
2024-11-24,Furniture,South,96,29301.01,17204.98,12096.029999999999,3785.49,97.02,11
2028-05-14,Clothing,East,92,4607.61,2662.83,1944.7799999999997,2409.39,82.8,5
2026-12-27,Office Supplies,North,111,5258.14,2937.88,2320.26,3842.12,55.85,12
2027-02-14,Office Supplies,North,89,3451.63,2278.88,1172.75,3242.62,70.81,2
2021-06-13,Electronics,East,102,55719.53,35813.46,19906.07,4594.57,90.89,6
2019-09-29,Electronics,South,97,56886.21,34202.18,22684.03,2723.8,93.48,9
2025-06-22,Furniture,East,97,30246.21,19242.01,11004.2,4554.59,87.08,6
2025-11-23,Electronics,East,104,48517.39,34940.11,13577.279999999999,4520.01,58.27,11
2021-06-20,Clothing,West,101,5034.56,3385.43,1649.1300000000006,2352.8,95.16,6
2024-02-11,Office Supplies,East,88,4006.39,2612.06,1394.33,2652.71,68.56,2
2028-02-13,Furniture,North,110,30713.15,23761.65,6951.5,5197.53,94.7,2
2027-06-13,Electronics,East,102,57315.01,32569.14,24745.870000000003,3141.09,66.88,6
2028-01-23,Clothing,North,102,5169.06,2549.46,2619.6000000000004,2905.76,79.45,1
2027-04-25,Clothing,North,94,5014.95,3205.16,1809.79,3009.19,52.68,4
2021-11-21,Electronics,North,111,48177.76,36488.12,11689.64,1880.52,77.72,11
2026-12-13,Office Supplies,South,105,3932.76,2381.42,1551.3400000000001,1645.23,97.43,12
2028-02-27,Electronics,West,99,50203.36,36641.34,13562.020000000004,4613.75,89.29,2
2024-09-15,Furniture,North,92,29648.34,20237.82,9410.52,3007.15,88.02,9
2020-11-22,Electronics,North,109,64785.98,38605.9,26180.08,5132.02,68.79,11
2024-01-14,Clothing,South,103,5038.55,3662.44,1376.1100000000001,3640.84,88.14,1
2023-10-29,Electronics,North,113,57242.52,37938.43,19304.089999999997,1717.98,83.5,10
2021-10-03,Office Supplies,East,112,5167.39,2750.26,2417.13,1181.94,81.32,10
2025-08-17,Food,East,96,2058.81,916.44,1142.37,4490.62,99.82,8
2021-02-21,Electronics,West,102,54311.07,38403.89,15907.18,1499.15,66.8,2
2028-07-30,Office Supplies,North,91,4197.61,2231.25,1966.3599999999997,4201.79,59.46,7
2020-02-23,Office Supplies,South,108,4417.13,2831.08,1586.0500000000002,3508.35,59.99,2
2026-01-25,Clothing,East,94,4746.59,2638.52,2108.07,3225.91,60.54,1
2019-01-13,Office Supplies,South,89,3961.47,2264.74,1696.73,3789.44,96.37,1
2026-05-17,Office Supplies,South,109,3734.57,2436.88,1297.69,4220.93,71.56,5
2024-10-27,Office Supplies,East,89,3472.16,2120.74,1351.42,2121.42,64.63,10
2023-11-12,Office Supplies,South,103,3612.03,2316.68,1295.3500000000004,707.35,81.85,11
2021-09-05,Furniture,East,91,31939.62,20161.97,11777.649999999998,1242.51,64.78,9
2027-09-05,Furniture,South,91,31074.61,21221.28,9853.330000000002,2528.42,67.52,9
2019-09-15,Clothing,East,105,5117.76,3354.47,1763.2900000000004,2677.8,83.91,9
2022-01-23,Electronics,North,107,42475.26,39618.38,2856.8800000000047,2632.63,89.72,1
2019-03-03,Office Supplies,West,97,3606.45,2318.96,1287.4899999999998,1851.96,92.48,3
2023-06-18,Electronics,East,96,49578.05,33693.42,15884.630000000005,4536.46,72.64,6
2020-11-22,Electronics,East,99,47131.03,33158.02,13973.010000000002,1564.15,85.51,11
2021-10-24,Clothing,West,97,4423.09,2543.25,1879.8400000000001,2443.92,95.66,10
2024-10-27,Office Supplies,East,92,3196.59,2496.38,700.21,1193.58,64.71,10
2022-12-25,Office Supplies,East,98,3843.29,2812.29,1031.0,4304.49,62.47,12
2021-07-04,Food,South,102,2188.32,1065.21,1123.1100000000001,2147.57,87.87,7
2026-09-27,Electronics,West,90,40304.99,28151.66,12153.329999999998,883.58,72.0,9
2021-11-28,Electronics,North,95,48200.82,33505.99,14694.830000000002,3056.23,93.16,11
2020-01-12,Furniture,East,104,29901.61,21654.57,8247.04,2793.63,55.85,1
2021-04-18,Food,West,81,1671.74,820.47,851.27,904.69,86.69,4
2022-01-30,Furniture,South,96,32117.85,22698.56,9419.289999999997,2165.32,67.76,1
2026-10-25,Furniture,North,104,31334.42,20266.37,11068.05,1015.39,93.65,10
2021-03-21,Furniture,West,93,33190.99,19008.8,14182.189999999999,2184.44,78.03,3
2020-06-07,Clothing,North,87,4704.16,2423.25,2280.91,821.56,53.78,6
2021-02-28,Clothing,North,92,4263.49,2691.45,1572.04,2882.22,61.31,2
2027-09-26,Furniture,North,110,33629.36,22585.62,11043.740000000002,4013.54,80.85,9
2027-01-17,Food,East,112,2158.53,1173.46,985.0700000000002,4960.47,89.47,1
2027-01-31,Electronics,East,124,64434.11,50302.78,14131.330000000002,1994.04,71.18,1
2020-12-27,Food,South,85,1581.36,914.37,666.9899999999999,976.98,55.79,12
2025-07-06,Office Supplies,South,121,4851.29,2883.55,1967.7399999999998,1793.43,99.47,7
2023-11-12,Clothing,West,82,3658.64,2514.44,1144.1999999999998,2951.53,94.89,11
2023-05-07,Electronics,South,119,57992.68,42260.76,15731.919999999998,5392.46,89.7,5
2021-02-21,Electronics,North,109,48045.54,38902.8,9142.739999999998,4638.67,67.92,2
2028-01-23,Office Supplies,North,100,4053.17,2708.87,1344.3000000000002,1322.03,56.98,1
2020-11-22,Office Supplies,East,98,4505.75,2556.9,1948.85,3936.44,63.79,11
2021-12-05,Furniture,North,114,32376.1,23314.59,9061.509999999998,2728.5,80.08,12
2025-09-07,Clothing,West,114,5599.8,3559.63,2040.17,1851.33,82.71,9
2026-09-13,Clothing,North,77,3258.72,2561.96,696.7599999999998,3600.87,92.24,9
2026-05-10,Food,North,108,2004.39,997.67,1006.7200000000001,3029.78,88.68,5
2026-01-04,Furniture,West,110,33251.59,21604.44,11647.149999999998,3758.77,61.57,1
2025-06-22,Furniture,South,97,30291.5,19727.26,10564.240000000002,689.22,65.98,6
2022-09-18,Furniture,South,121,39612.31,23858.07,15754.239999999998,5844.51,72.21,9
2024-12-08,Furniture,West,96,29398.93,22353.17,7045.760000000002,2803.22,63.9,12
2022-02-13,Clothing,East,101,4693.67,2744.55,1949.12,3033.51,51.46,2
2022-12-25,Clothing,North,81,4090.12,2061.29,2028.83,2993.37,54.79,12
2027-07-11,Furniture,West,83,22716.44,14749.46,7966.98,3539.32,52.51,7
2022-03-27,Food,North,115,1781.09,1073.73,707.3599999999999,2213.34,64.28,3
2028-04-09,Electronics,East,105,51072.94,34545.63,16527.310000000005,728.42,89.05,4
2022-01-30,Electronics,North,92,40635.31,25386.99,15248.319999999996,4159.48,82.9,1
2020-04-19,Food,West,99,1901.44,963.69,937.75,3917.01,75.02,4
2024-07-14,Furniture,North,95,24032.03,18212.47,5819.559999999998,2815.44,63.72,7
2026-08-16,Clothing,South,99,4878.74,3030.29,1848.4499999999998,4434.8,77.97,8
2024-04-21,Electronics,East,100,52690.66,37906.78,14783.880000000005,3635.13,66.22,4
2024-10-27,Office Supplies,East,101,3748.17,2357.12,1391.0500000000002,4400.94,91.02,10
2026-09-27,Office Supplies,East,88,3142.71,2161.88,980.8299999999999,1953.72,80.97,9
2026-05-10,Food,West,86,1975.46,839.21,1136.25,4290.8,59.56,5
2026-07-05,Furniture,East,84,19308.86,14503.89,4804.970000000001,1570.98,59.9,7
2021-08-01,Electronics,South,101,49971.2,25793.2,24177.999999999996,4672.5,88.81,8
2022-09-25,Furniture,West,89,27198.77,15921.94,11276.83,2216.22,89.86,9
2026-09-06,Electronics,South,118,64562.79,45885.74,18677.050000000003,2398.29,90.25,9
2021-06-13,Food,North,100,1884.16,977.5,906.6600000000001,1557.47,91.51,6
2019-08-18,Food,North,94,1857.58,965.72,891.8599999999999,1588.9,63.99,8
2022-05-15,Office Supplies,North,92,3621.76,2294.06,1327.7000000000003,4011.93,86.56,5
2027-10-24,Furniture,North,104,27770.92,19110.86,8660.059999999998,3785.31,68.21,10
2027-06-27,Office Supplies,South,102,4030.93,2554.11,1476.8199999999997,794.06,76.77,6
2026-02-08,Furniture,West,78,27060.39,16241.2,10819.189999999999,853.2,75.66,2
2028-01-02,Office Supplies,West,108,3818.05,2616.59,1201.46,1617.86,65.88,1
2026-03-08,Clothing,East,101,4862.67,2964.42,1898.25,913.67,59.66,3
2019-06-02,Clothing,South,85,4310.26,2421.5,1888.7600000000002,1524.02,63.99,6
2023-07-23,Clothing,North,100,5606.49,2624.47,2982.02,4417.85,87.95,7
2022-01-09,Clothing,South,95,4692.39,3353.83,1338.5600000000004,3441.02,77.64,1
2019-09-22,Electronics,East,108,50484.25,35403.69,15080.559999999998,1980.47,95.54,9
2023-05-28,Clothing,East,103,6018.12,3195.59,2822.5299999999997,2121.3,70.39,5
2025-12-28,Food,South,88,1746.23,872.16,874.07,3716.33,79.24,12
2019-12-22,Food,South,102,2260.14,960.95,1299.1899999999998,1641.53,98.8,12
2027-05-23,Electronics,South,98,42660.28,30066.96,12593.32,1865.53,56.11,5
2024-01-21,Clothing,West,102,5255.58,2814.9,2440.68,4526.79,89.53,1
2024-06-02,Clothing,North,107,5426.69,2847.71,2578.9799999999996,1043.42,52.26,6
2019-07-07,Clothing,South,93,4867.54,3370.67,1496.87,808.27,51.75,7
2023-04-30,Office Supplies,South,114,4672.13,2008.37,2663.76,1171.65,58.45,4
2024-04-21,Furniture,South,94,31699.28,17478.83,14220.449999999997,2614.96,81.9,4
2024-06-23,Office Supplies,East,110,3658.73,2182.21,1476.52,3612.92,83.27,6
2020-11-08,Furniture,East,106,38878.74,21223.16,17655.579999999998,642.25,71.48,11
2024-06-09,Clothing,West,101,4717.56,2911.09,1806.4700000000003,957.44,80.16,6
2026-01-11,Clothing,North,111,4623.54,3383.24,1240.3000000000002,2907.4,74.61,1
2027-08-01,Office Supplies,West,108,4558.71,2400.82,2157.89,4335.27,89.57,8
2028-03-19,Office Supplies,North,105,4319.11,3280.41,1038.6999999999998,813.26,64.39,3
2027-09-05,Furniture,East,111,35576.63,22076.91,13499.719999999998,2172.48,83.06,9
2025-01-26,Food,East,100,1749.57,1076.58,672.99,3426.91,60.62,1
2024-10-27,Furniture,East,97,30176.71,18052.69,12124.02,980.17,99.85,10
2021-10-24,Office Supplies,West,109,4520.09,2388.57,2131.52,2562.79,56.32,10
2019-01-27,Office Supplies,South,87,3507.47,2108.96,1398.5099999999998,3593.46,92.1,1
2019-09-01,Electronics,South,89,51305.68,30853.19,20452.49,3139.75,86.21,9
2022-09-04,Office Supplies,East,97,4770.06,2394.14,2375.9200000000005,4001.12,69.89,9
2019-12-08,Electronics,South,100,51927.16,39485.81,12441.350000000006,1246.55,51.23,12
2019-04-28,Food,South,85,1821.86,670.93,1150.9299999999998,3637.31,56.37,4
2022-04-17,Furniture,West,106,32996.7,21859.78,11136.919999999998,1248.78,92.58,4
2023-03-19,Furniture,North,100,25223.57,21748.35,3475.220000000001,4268.89,80.72,3
2022-01-09,Electronics,East,103,43575.41,37878.22,5697.190000000002,4020.61,54.08,1
2028-02-20,Furniture,East,95,27864.0,20032.86,7831.139999999999,1021.24,72.12,2
2019-11-17,Office Supplies,West,88,3550.42,2152.88,1397.54,4014.71,91.86,11
2026-02-22,Clothing,West,91,4512.06,1859.73,2652.3300000000004,1758.28,94.71,2
2019-02-10,Electronics,South,101,43691.82,38611.26,5080.559999999998,1862.97,94.56,2
2020-11-22,Furniture,East,86,22827.4,17506.21,5321.190000000002,786.42,90.76,11
2026-04-12,Electronics,North,92,46566.29,35176.36,11389.93,3822.75,69.2,4
2023-06-18,Electronics,West,108,51082.63,32712.76,18369.87,2873.03,56.9,6
2019-09-15,Clothing,North,94,4669.21,2912.46,1756.75,840.76,53.29,9
2024-05-12,Office Supplies,North,104,4122.4,2854.1,1268.2999999999997,2017.73,73.82,5
2025-09-07,Electronics,East,89,43961.12,24898.88,19062.24,3887.52,79.62,9
2028-07-09,Furniture,East,90,24337.19,20553.4,3783.7899999999972,3440.95,83.33,7
2024-10-13,Food,West,106,2160.19,954.77,1205.42,1754.67,90.2,10
2022-06-19,Electronics,East,102,51601.21,35088.28,16512.93,3602.29,88.37,6
2020-10-25,Electronics,East,118,58524.66,33239.86,25284.800000000003,4819.46,61.63,10
2020-11-22,Clothing,East,91,4677.45,2319.62,2357.83,2598.99,64.11,11
2022-08-07,Office Supplies,North,99,3541.41,2237.2,1304.21,3932.09,82.6,8
2028-03-19,Food,West,98,1812.86,975.61,837.2499999999999,702.09,64.78,3
2021-03-21,Furniture,South,106,31929.1,22803.78,9125.32,1826.42,69.96,3
2022-08-28,Food,North,116,2712.08,1286.37,1425.71,1383.46,98.85,8
2023-11-05,Furniture,East,91,24287.07,18446.85,5840.220000000001,4114.44,53.73,11
2027-12-26,Office Supplies,North,97,4272.15,2606.64,1665.5099999999998,1957.33,97.08,12
2026-12-20,Furniture,East,99,34830.09,20237.3,14592.789999999997,4611.9,98.76,12
2028-01-09,Clothing,East,93,4410.54,3033.03,1377.5099999999998,4510.0,81.41,1
2022-01-30,Clothing,North,73,3724.15,2298.79,1425.3600000000001,1374.28,68.5,1
2023-11-26,Clothing,West,93,5316.87,2859.63,2457.24,1795.76,78.99,11
2025-03-09,Clothing,East,98,5422.67,2786.68,2635.9900000000002,2548.27,53.84,3
2021-06-13,Food,West,93,1678.1,929.84,748.2599999999999,942.68,97.05,6
2019-05-05,Office Supplies,South,112,4418.92,3096.91,1322.0100000000002,5528.46,50.01,5
2024-05-19,Furniture,East,103,35576.23,23651.92,11924.310000000005,2635.25,69.85,5
2028-05-21,Furniture,West,95,22016.57,16732.27,5284.299999999999,3597.86,56.77,5
2023-04-09,Clothing,West,108,5119.24,3080.57,2038.6699999999996,1815.61,76.26,4
2020-01-12,Clothing,South,92,4214.25,2621.02,1593.23,3257.07,51.9,1
2020-02-09,Electronics,West,101,58078.28,38560.97,19517.309999999998,1481.8,52.1,2
2025-03-09,Office Supplies,West,114,4209.19,2775.52,1433.6699999999996,1167.53,62.71,3
2025-11-23,Food,South,111,2280.5,903.56,1376.94,3943.57,79.64,11
2022-05-01,Furniture,East,104,30358.1,20198.12,10159.98,4632.64,77.92,5
2024-05-12,Electronics,West,107,51765.03,40947.62,10817.409999999996,3493.34,76.18,5
2021-03-07,Electronics,West,95,45938.86,26679.8,19259.06,2623.15,60.04,3
2024-07-07,Furniture,West,90,29775.28,16825.48,12949.8,4158.94,67.99,7
2027-04-04,Food,North,107,1933.44,1004.59,928.85,3801.93,66.15,4
2025-07-20,Electronics,South,84,48475.03,24756.52,23718.51,3450.37,73.48,7
2021-11-21,Electronics,North,91,47314.06,30291.77,17022.289999999997,2985.43,67.09,11
